{
  "cols": 10,
  "data": {
    "point-0": [
      0.5,
      0.5,
      0.5,
      0.6591835618019104,
      0.7947845458984375,
      0.8374829888343811,
      0.8435373902320862,
      0.39047619700431824,
      0.35374149680137634,
      0.853741466999054
    ],
    "point-1": [
      0.5,
      0.5945578217506409,
      0.6866666674613953,
      0.7351020574569702,
      0.738095223903656,
      0.6987528204917908,
      0.6617347002029419,
      0.6015872955322266,
      0.4217686951160431,
      0.2857142984867096
    ],
    "point-10": [
      0.7448979616165161,
      0.6428571343421936,
      0.9253968000411987,
      0.6612246036529541,
      0.3333333432674408,
      0.543537437915802,
      0.7653061151504517,
      0.21768707036972046,
      0.07823128998279572,
      0.8061224222183228
    ],
    "point-11": [
      0.7448979616165161,
      0.32993197441101074,
      0.3877550959587097,
      0.6612246036529541,
      0.3333333432674408,
      0.543537437915802,
      0.7653061151504517,
      0.21768707036972046,
      0.07823128998279572,
      0.8061224222183228
    ],
    "point-12": [
      0.7448979616165161,
      0.32993197441101074,
      0.3877550959587097,
      0.6612246036529541,
      0.3333333432674408,
      0.543537437915802,
      0.7653061151504517,
      0.21768707036972046,
      0.07823128998279572,
      0.16326530277729034
    ],
    "point-13": [
      0.3785034120082855,
      0.3333333432674408,
      0.3582312762737274,
      0.4967120289802551,
      0.6556122303009033,
      0.8673469424247742,
      0.7653061151504517,
      0.21768707036972046,
      0.07823128998279572,
      0.16326530277729034
    ],
    "point-14": [
      0.3785034120082855,
      0.3333333432674408,
      0.3582312762737274,
      0.4967120289802551,
      0.6556122303009033,
      0.8673469424247742,
      0.7653061151504517,
      0.7006802558898926,
      0.10544217377901077,
      0.3904762268066406
    ],
    "point-15": [
      0.3785034120082855,
      0.3333333432674408,
      0.5612244606018066,
      0.5408163070678711,
      0.5340136289596558,
      0.8673469424247742,
      0.7653061151504517,
      0.7006802558898926,
      0.10544217377901077,
      0.3904762268066406
    ],
    "point-16": [
      0.3785034120082855,
      0.3333333432674408,
      0.5612244606018066,
      0.5408163070678711,
      0.5340136289596558,
      0.8673469424247742,
      0.3741496503353119,
      0.7006802558898926,
      0.10544217377901077,
      0.3904762268066406
    ],
    "point-17": [
      0.3785034120082855,
      0.6272109150886536,
      0.7721088528633118,
      0.5408163070678711,
      0.5340136289596558,
      0.8673469424247742,
      0.3741496503353119,
      0.7006802558898926,
      0.10544217377901077,
      0.3904762268066406
    ],
    "point-18": [
      0.6931972503662109,
      0.7278911471366882,
      0.7721088528633118,
      0.5408163070678711,
      0.5340136289596558,
      0.8673469424247742,
      0.3741496503353119,
      0.7006802558898926,
      0.10544217377901077,
      0.3904762268066406
    ],
    "point-19": [
      0.6931972503662109,
      0.7278911471366882,
      0.6540816426277161,
      0.7423712611198425,
      0.28231292963027954,
      0.26530611515045166,
      0.1733333021402359,
      0.7006802558898926,
      0.10544217377901077,
      0.3904762268066406
    ],
    "point-2": [
      0.5,
      0.5945578217506409,
      0.4554421603679657,
      0.3727891147136688,
      0.29591837525367737,
      0.27551019191741943,
      0.6617347002029419,
      0.6015872955322266,
      0.4217686951160431,
      0.2857142984867096
    ],
    "point-20": [
      0.6931972503662109,
      0.7278911471366882,
      0.6190476417541504,
      0.7074829936027527,
      0.8103741407394409,
      0.8265306353569031,
      0.918367326259613,
      0.918367326259613,
      0.10544217377901077,
      0.3904762268066406
    ],
    "point-21": [
      0.6931972503662109,
      0.8265306353569031,
      0.8273710012435913,
      0.8363018035888672,
      0.8367347121238708,
      0.6897959113121033,
      0.30612245202064514,
      0.918367326259613,
      0.10544217377901077,
      0.3904762268066406
    ],
    "point-22": [
      0.6931972503662109,
      0.4850339889526367,
      0.44693875312805176,
      0.4145578444004059,
      0.39153438806533813,
      0.5517007112503052,
      0.8333333134651184,
      0.918367326259613,
      0.10544217377901077,
      0.3904762268066406
    ],
    "point-23": [
      0.6931972503662109,
      0.4850339889526367,
      0.853741466999054,
      0.853741466999054,
      0.853741466999054,
      0.5517007112503052,
      0.8333333134651184,
      0.918367326259613,
      0.10544217377901077,
      0.3904762268066406
    ],
    "point-24": [
      0.6931972503662109,
      0.4850339889526367,
      0.853741466999054,
      0.5748299360275269,
      0.6455783247947693,
      0.33673468232154846,
      0.6224489808082581,
      0.24829931557178497,
      0.8653061389923096,
      0.3904762268066406
    ],
    "point-25": [
      0.6931972503662109,
      0.7884353995323181,
      0.8428571224212646,
      0.3877550959587097,
      0.6621314883232117,
      0.4884353280067444,
      0.47976186871528625,
      0.8187074065208435,
      0.942176878452301,
      0.3904762268066406
    ],
    "point-26": [
      0.6931972503662109,
      0.7884353995323181,
      0.8428571224212646,
      0.3877550959587097,
      0.6621314883232117,
      0.4884353280067444,
      0.47976186871528625,
      0.8187074065208435,
      0.31972789764404297,
      0.3904762268066406
    ],
    "point-27": [
      0.6931972503662109,
      0.3265306055545807,
      0.8428571224212646,
      0.3877550959587097,
      0.6621314883232117,
      0.4884353280067444,
      0.47976186871528625,
      0.8187074065208435,
      0.31972789764404297,
      0.3904762268066406
    ],
    "point-28": [
      0.6931972503662109,
      0.3265306055545807,
      0.3959183692932129,
      0.5390589833259583,
      0.6768707633018494,
      0.8435373902320862,
      0.47976186871528625,
      0.8187074065208435,
      0.31972789764404297,
      0.3904762268066406
    ],
    "point-29": [
      0.6931972503662109,
      0.46258503198623657,
      0.694248616695404,
      0.8927437663078308,
      0.36734694242477417,
      0.3401360511779785,
      0.6110544800758362,
      0.819727897644043,
      0.6523810029029846,
      0.3904762268066406
    ],
    "point-3": [
      0.5,
      0.14965985715389252,
      0.4554421603679657,
      0.3727891147136688,
      0.29591837525367737,
      0.27551019191741943,
      0.6617347002029419,
      0.6015872955322266,
      0.4217686951160431,
      0.2857142984867096
    ],
    "point-30": [
      0.781632661819458,
      0.9795918464660645,
      0.3503401279449463,
      0.8927437663078308,
      0.5442177057266235,
      0.3401360511779785,
      0.8877550959587097,
      0.4353741407394409,
      0.28231292963027954,
      0.3904762268066406
    ],
    "point-31": [
      0.781632661819458,
      0.9795918464660645,
      0.3503401279449463,
      0.3945578336715698,
      0.5442177057266235,
      0.18707482516765594,
      0.8877550959587097,
      0.4353741407394409,
      0.9251700639724731,
      0.9197278022766113
    ],
    "point-32": [
      0.781632661819458,
      0.323129266500473,
      0.7510203719139099,
      0.5476190447807312,
      0.5442177057266235,
      0.18707482516765594,
      0.08843537420034409,
      0.4353741407394409,
      0.9251700639724731,
      0.9197278022766113
    ],
    "point-33": [
      0.46870747208595276,
      0.873469352722168,
      0.9523809552192688,
      0.5476190447807312,
      0.942176878452301,
      0.18707482516765594,
      0.918367326259613,
      0.942176878452301,
      0.31972789764404297,
      0.9197278022766113
    ],