{
  "cols": 2,
  "data": {
    "point-0": [
      0.3776978552341461,
      0.4064748287200928
    ],
    "point-1": [
      0.6942446231842041,
      0.16546761989593506
    ],
    "point-10": [
      0.6438848972320557,
      0.6906474828720093
    ],
    "point-11": [
      0.6618704795837402,
      0.7661870718002319
    ],
    "point-12": [
      0.24460431933403015,
      0.6294963955879211
    ],
    "point-13": [
      0.8417266011238098,
      0.8129496574401855
    ],
    "point-14": [
      0.9244604110717773,
      0.9748201370239258
    ],
    "point-15": [
      0.9856114983558655,
      0.9856114983558655
    ],
    "point-16": [
      0.7625899314880371,
      0.5323740839958191
    ],
    "point-17": [
      0.5143885016441345,
      0.42446044087409973
    ],
    "point-18": [
      0.14028777182102203,
      0.39208632707595825
    ],
    "point-19": [
      0.568345308303833,
      0.04676258936524391
    ],
    "point-2": [
      0.7805755138397217,
      0.4784172773361206
    ],
    "point-20": [
      0.5179855823516846,
      0.6798561215400696
    ],
    "point-21": [
      0.4424460530281067,
      0.4676258862018585
    ],
    "point-22": [
      0.7230215668678284,
      0.9820144176483154
    ],
    "point-23": [
      0.36690646409988403,
      0.798561155796051
    ],
    "point-24": [
      0.39208632707595825,
      0.10071942210197449
    ],
    "point-25": [
      0.5503597259521484,
      0.07553956657648087
    ],
    "point-26": [
      0.7374100685119629,
      0.08633093535900116
    ],
    "point-27": [
      0.6223021745681763,
      0.17266187071800232
    ],
    "point-28": [
      0.6726618409156799,
      0.5323740839958191
    ],
    "point-29": [
      0.3956834673881531,
      0.007194244768470526
    ],
    "point-3": [
      0.8525179624557495,
      0.032374098896980286
    ],
    "point-30": [
      0.9388489127159119,
      0.025179855525493622
    ],
    "point-31": [
      0.5611510872840881,
      0.0791366919875145
    ],
    "point-32": [
      0.9928057789802551,
      0.007194244768470526
    ],
    "point-33": [
      0.9640287756919861,
      0.46043166518211365
    ],
    "point-34": [
      0.9172661900520325,
      0.6978417038917542
    ],
    "point-35": [
      0.5719424486160278,
      0.8093525171279907
    ],
    "point-36": [
      0.42446044087409973,
      0.5251798629760742
    ],
    "point-37": [
      0.38129496574401855,
      0.9424460530281067
    ],
    "point-38": [
      0.3884892165660858,
      0.7769784331321716
    ],
    "point-39": [
      0.3093525171279907,
      0.6474820375442505
    ],
    "point-4": [
      0.8920863270759583,
      0.31294962763786316
    ],
    "point-40": [
      0.5215827226638794,
      0.4748201370239258
    ],
    "point-41": [
      0.5431654453277588,
      0.0683453232049942
    ],
    "point-42": [
      0.4100719392299652,
      0.02158273383975029
    ],
    "point-43": [
      0.21223022043704987,
      0.04676258936524391
    ],
    "point-44": [
      0.41366907954216003,
      0.0791366919875145
    ],
    "point-45": [
      0.5899280309677124,
      0.48201438784599304
    ],
    "point-46": [
      0.6187050342559814,
      0.7338129281997681
    ],
    "point-47": [
      0.7482014298439026,
      0.8381295204162598
    ],
    "point-48": [
      0.6618704795837402,
      0.31294962763786316
    ],
    "point-49": [
      0.7733812928199768,
      0.4748201370239258
    ],
    "point-5": [
      0.6690647602081299,
      0.568345308303833
    ],
    "point-50": [
      0.7877697944641113,
      0.7338129281997681
    ],
    "point-6": [
      0.4568345248699188,
      0.5251798629760742
    ],
    "point-7": [
      0.28776979446411133,
      0.38129496574401855
    ],
    "point-8": [
      0.22302158176898956,
      0.7769784331321716
    ],
    "point-9": [
      0.24820144474506378,
      0.5791366696357727
    ]
  }
}
